{
  "best_model": "XGBoost",
  "metrics": {
    "Linear Regression": {
      "r2": 0.8076022785220406,
      "mae": 0.39047002077731624,
      "rmse": 0.503062628952447
    },
    "Random Forest": {
      "r2": 0.8514989074515469,
      "mae": 0.3460973333333335,
      "rmse": 0.4419640231361221
    },
    "XGBoost": {
      "r2": 0.8607214674061795,
      "mae": 0.3330982204627991,
      "rmse": 0.42802012063115163
    }
  },
  "selected_metrics": {
    "r2": 0.8607214674061795,
    "mae": 0.3330982204627991,
    "rmse": 0.42802012063115163
  }
}